ID,feedback
1,
6,
9,
12,
15,
18,
21,
25,
27,
30,
34,
42,
46,
50,
55,
59,
62,
67,
70,
74,
78,
80,
83,
86,
88,
93,
97,
99,
101,
104,
108,
112,
114,
116,
118,
121,
123,
125,
129,
133,
137,
142,
146,
151,
154,
157,
159,
162,
166,
168,
172,
176,
179,
182,
184,
187,
189,
192,
194,
197,
199,
203,
207,
212,
215,
219,
224,
231,
235,
240,
243,
247,
250,
253,
256,
259,
265,
271,
274,
278,
282,
285,
289,
292,
295,
298,
303,
305,
311,
314,
318,
323,
327,
332,
335,
341,
346,
349,
353,
357,
361,
365,
369,
